{
"lengthUnit": "mil",
"components": {
	"fields": ["COMPONENT_NO", "COMPONENT_NAME", "LAYER", "X_COORDINATE", "Y_COORDINATE", "ANGLE"],
	"rows": [
		[1, "R1", "T", 4690, 1520, 90],
		[2, "R2", "T", 2930, 1525, 90],
		[3, "R3", "T", 3635, 1010, 90],
		[4, "R4", "T", 4015, 1000, 90],
		[5, "SW1", "T", 4435, 865, 0],
		[6, "SW2", "T", 3170, 865, 0],
		[7, "SW3", "T", 3745, -135, 0],
		[8, "U2", "T", 4140, 1370, 180],
		[9, "U3", "B", 3135, -385, 270],
		[10, "U5", "B", 3825, 375, 270],
		[11, "U6", "B", 2785, -465, 90],
		[12, "U7", "B", 2815, -125.86, 0],
		[13, "U10", "T", 4435.24, 1550, 180],
		[14, "U11", "T", 3169.76, 1550, 0]
	]
},
"pins": {
	"fields": ["PIN_NO", "PIN_NAME", "PIN_X", "PIN_Y", "LAYER", "PIN_TYPE", "NET_NAME", "NET_TYPE", "PAD_SHAPE", "PAD_SIZEX", "PAD_SIZEY", "HOLE_SIZE", "PAD_ANGLE"],
	"rows": [
		[1, "R1_1", 4690, 1319.21, "T", "DIP", "GND", "GND", "C", 55.12, 55.12, 31.5, 90],
		[2, "R1_1", 4690, 1319.21, "B", "DIP", "GND", "GND", "C", 55.12, 55.12, 31.5, 90],
		[3, "R1_2", 4690, 1720.79, "T", "DIP", "$1N2111", "", "C", 55.12, 55.12, 31.5, 90],
		[4, "R1_2", 4690, 1720.79, "B", "DIP", "$1N2111", "", "C", 55.12, 55.12, 31.5, 90],
		[5, "R2_1", 2930, 1324.21, "T", "DIP", "GND", "GND", "C", 55.12, 55.12, 31.5, 90],
		[6, "R2_1", 2930, 1324.21, "B", "DIP", "GND", "GND", "C", 55.12, 55.12, 31.5, 90],
		[7, "R2_2", 2930, 1725.79, "T", "DIP", "$1N2150", "", "C", 55.12, 55.12, 31.5, 90],
		[8, "R2_2", 2930, 1725.79, "B", "DIP", "$1N2150", "", "C", 55.12, 55.12, 31.5, 90],
		[9, "R3_1", 3635, 809.21, "T", "DIP", "$1N2226", "", "C", 55.12, 55.12, 31.5, 90],
		[10, "R3_1", 3635, 809.21, "B", "DIP", "$1N2226", "", "C", 55.12, 55.12, 31.5, 90],
		[11, "R3_2", 3635, 1210.79, "T", "DIP", "GND", "GND", "C", 55.12, 55.12, 31.5, 90],
		[12, "R3_2", 3635, 1210.79, "B", "DIP", "GND", "GND", "C", 55.12, 55.12, 31.5, 90],
		[13, "R4_1", 4015, 799.21, "T", "DIP", "$1N2265", "", "C", 55.12, 55.12, 31.5, 90],
		[14, "R4_1", 4015, 799.21, "B", "DIP", "$1N2265", "", "C", 55.12, 55.12, 31.5, 90],
		[15, "R4_2", 4015, 1200.79, "T", "DIP", "GND", "GND", "C", 55.12, 55.12, 31.5, 90],
		[16, "R4_2", 4015, 1200.79, "B", "DIP", "GND", "GND", "C", 55.12, 55.12, 31.5, 90],
		[17, "SW1_1", 4307.05, 953.58, "T", "DIP", "SW1_1", "", "C", 70.87, 70.87, 47.24, 0],
		[18, "SW1_1", 4307.05, 953.58, "B", "DIP", "SW1_1", "", "C", 70.87, 70.87, 47.24, 0],
		[19, "SW1_2", 4562.95, 953.58, "T", "DIP", "VCC", "", "C", 70.87, 70.87, 47.24, 0],
		[20, "SW1_2", 4562.95, 953.58, "B", "DIP", "VCC", "", "C", 70.87, 70.87, 47.24, 0],
		[21, "SW1_3", 4307.05, 776.42, "T", "DIP", "D4", "", "C", 70.87, 70.87, 47.24, 0],
		[22, "SW1_3", 4307.05, 776.42, "B", "DIP", "D4", "", "C", 70.87, 70.87, 47.24, 0],
		[23, "SW1_4", 4562.95, 776.42, "T", "DIP", "$1N2265", "", "C", 70.87, 70.87, 47.24, 0],
		[24, "SW1_4", 4562.95, 776.42, "B", "DIP", "$1N2265", "", "C", 70.87, 70.87, 47.24, 0],
		[25, "SW2_1", 3042.05, 953.58, "T", "DIP", "SW2_1", "", "C", 70.87, 70.87, 47.24, 0],
		[26, "SW2_1", 3042.05, 953.58, "B", "DIP", "SW2_1", "", "C", 70.87, 70.87, 47.24, 0],
		[27, "SW2_2", 3297.95, 953.58, "T", "DIP", "VCC", "", "C", 70.87, 70.87, 47.24, 0],
		[28, "SW2_2", 3297.95, 953.58, "B", "DIP", "VCC", "", "C", 70.87, 70.87, 47.24, 0],
		[29, "SW2_3", 3042.05, 776.42, "T", "DIP", "D3", "", "C", 70.87, 70.87, 47.24, 0],
		[30, "SW2_3", 3042.05, 776.42, "B", "DIP", "D3", "", "C", 70.87, 70.87, 47.24, 0],
		[31, "SW2_4", 3297.95, 776.42, "T", "DIP", "$1N2226", "", "C", 70.87, 70.87, 47.24, 0],
		[32, "SW2_4", 3297.95, 776.42, "B", "DIP", "$1N2226", "", "C", 70.87, 70.87, 47.24, 0],
		[33, "SW3_1", 3843.41, -56.26, "T", "DIP", "GND", "GND", "R", 62.99, 62.99, 39.37, 90],
		[34, "SW3_1", 3843.41, -56.26, "B", "DIP", "GND", "GND", "R", 62.99, 62.99, 39.37, 90],
		[35, "SW3_2", 3843.42, -135, "T", "DIP", "D9", "", "C", 62.99, 62.99, 39.37, 90],
		[36, "SW3_2", 3843.42, -135, "B", "DIP", "D9", "", "C", 62.99, 62.99, 39.37, 90],
		[37, "SW3_3", 3843.42, -213.74, "T", "DIP", "D9", "", "C", 62.99, 62.99, 39.37, 90],
		[38, "SW3_3", 3843.42, -213.74, "B", "DIP", "D9", "", "C", 62.99, 62.99, 39.37, 90],
		[39, "SW3_4", 3646.58, -56.26, "T", "DIP", "SW3_4", "", "C", 62.99, 62.99, 39.37, 90],
		[40, "SW3_4", 3646.58, -56.26, "B", "DIP", "SW3_4", "", "C", 62.99, 62.99, 39.37, 90],
		[41, "SW3_5", 3646.58, -135, "T", "DIP", "SW3_5", "", "C", 62.99, 62.99, 39.37, 90],
		[42, "SW3_5", 3646.58, -135, "B", "DIP", "SW3_5", "", "C", 62.99, 62.99, 39.37, 90],
		[43, "SW3_6", 3646.58, -213.74, "T", "DIP", "SW3_6", "", "C", 62.99, 62.99, 39.37, 90],
		[44, "SW3_6", 3646.58, -213.74, "B", "DIP", "SW3_6", "", "C", 62.99, 62.99, 39.37, 90],
		[45, "U2_1", 4140, 1370, "T", "DIP", "VCC", "", "R", 60, 60, 36, 180],
		[46, "U2_1", 4140, 1370, "B", "DIP", "VCC", "", "R", 60, 60, 36, 180],
		[47, "U2_2", 4040, 1370, "T", "DIP", "GND", "GND", "C", 60, 60, 36, 180],
		[48, "U2_2", 4040, 1370, "B", "DIP", "GND", "GND", "C", 60, 60, 36, 180],
		[49, "U2_3", 3940, 1370, "T", "DIP", "$1N1645", "", "C", 60, 60, 36, 180],
		[50, "U2_3", 3940, 1370, "B", "DIP", "$1N1645", "", "C", 60, 60, 36, 180],
		[51, "U2_4", 3840, 1370, "T", "DIP", "$1N1654", "", "C", 60, 60, 36, 180],
		[52, "U2_4", 3840, 1370, "B", "DIP", "$1N1654", "", "C", 60, 60, 36, 180],
		[53, "U2_5", 3740, 1370, "T", "DIP", "U2_5", "", "C", 60, 60, 36, 180],
		[54, "U2_5", 3740, 1370, "B", "DIP", "U2_5", "", "C", 60, 60, 36, 180],
		[55, "U2_6", 3640, 1370, "T", "DIP", "U2_6", "", "C", 60, 60, 36, 180],
		[56, "U2_6", 3640, 1370, "B", "DIP", "U2_6", "", "C", 60, 60, 36, 180],
		[57, "U2_7", 3540, 1370, "T", "DIP", "U2_7", "", "C", 60, 60, 36, 180],
		[58, "U2_7", 3540, 1370, "B", "DIP", "U2_7", "", "C", 60, 60, 36, 180],
		[59, "U2_8", 3440, 1370, "T", "DIP", "U2_8", "", "C", 60, 60, 36, 180],
		[60, "U2_8", 3440, 1370, "B", "DIP", "U2_8", "", "C", 60, 60, 36, 180],
		[61, "U3_1", 3135, -385, "T", "DIP", "U3_1", "", "C", 60, 60, 36, 270],
		[62, "U3_1", 3135, -385, "B", "DIP", "U3_1", "", "C", 60, 60, 36, 270],
		[63, "U3_2", 3135, -485, "T", "DIP", "VCC", "", "C", 60, 60, 36, 270],
		[64, "U3_2", 3135, -485, "B", "DIP", "VCC", "", "C", 60, 60, 36, 270],
		[65, "U3_3", 3135, -585, "T", "DIP", "GND", "GND", "C", 60, 60, 36, 270],
		[66, "U3_3", 3135, -585, "B", "DIP", "GND", "GND", "C", 60, 60, 36, 270],
		[67, "U3_4", 3135, -685, "T", "DIP", "$1N1663", "", "C", 60, 60, 36, 270],
		[68, "U3_4", 3135, -685, "B", "DIP", "$1N1663", "", "C", 60, 60, 36, 270],
		[69, "U3_5", 3135, -785, "T", "DIP", "$1N1669", "", "C", 60, 60, 36, 270],
		[70, "U3_5", 3135, -785, "B", "DIP", "$1N1669", "", "C", 60, 60, 36, 270],
		[71, "U3_6", 3135, -885, "T", "DIP", "U3_6", "", "C", 60, 60, 36, 270],
		[72, "U3_6", 3135, -885, "B", "DIP", "U3_6", "", "C", 60, 60, 36, 270],
		[73, "U5_1", 3125, 675, "T", "DIP", "U5_1", "", "R", 62.99, 62.99, 39.37, 270],
		[74, "U5_1", 3125, 675, "B", "DIP", "U5_1", "", "R", 62.99, 62.99, 39.37, 270],
		[75, "U5_2", 3225, 675, "T", "DIP", "U5_2", "", "C", 62.99, 62.99, 39.37, 270],
		[76, "U5_2", 3225, 675, "B", "DIP", "U5_2", "", "C", 62.99, 62.99, 39.37, 270],
		[77, "U5_3", 3325, 675, "T", "DIP", "U5_3", "", "C", 62.99, 62.99, 39.37, 270],
		[78, "U5_3", 3325, 675, "B", "DIP", "U5_3", "", "C", 62.99, 62.99, 39.37, 270],
		[79, "U5_4", 3425, 675, "T", "DIP", "U5_4", "", "C", 62.99, 62.99, 39.37, 270],
		[80, "U5_4", 3425, 675, "B", "DIP", "U5_4", "", "C", 62.99, 62.99, 39.37, 270],
		[81, "U5_5", 3525, 675, "T", "DIP", "U5_5", "", "C", 62.99, 62.99, 39.37, 270],
		[82, "U5_5", 3525, 675, "B", "DIP", "U5_5", "", "C", 62.99, 62.99, 39.37, 270],
		[83, "U5_6", 3625, 675, "T", "DIP", "U5_6", "", "C", 62.99, 62.99, 39.37, 270],
		[84, "U5_6", 3625, 675, "B", "DIP", "U5_6", "", "C", 62.99, 62.99, 39.37, 270],
		[85, "U5_7", 3725, 675, "T", "DIP", "U5_7", "", "C", 62.99, 62.99, 39.37, 270],
		[86, "U5_7", 3725, 675, "B", "DIP", "U5_7", "", "C", 62.99, 62.99, 39.37, 270],
		[87, "U5_8", 3825, 675, "T", "DIP", "$1N1654", "", "C", 62.99, 62.99, 39.37, 270],
		[88, "U5_8", 3825, 675, "B", "DIP", "$1N1654", "", "C", 62.99, 62.99, 39.37, 270],
		[89, "U5_9", 3925, 675, "T", "DIP", "$1N1645", "", "C", 62.99, 62.99, 39.37, 270],
		[90, "U5_9", 3925, 675, "B", "DIP", "$1N1645", "", "C", 62.99, 62.99, 39.37, 270],
		[91, "U5_10", 4025, 675, "T", "DIP", "U5_10", "", "C", 62.99, 62.99, 39.37, 270],
		[92, "U5_10", 4025, 675, "B", "DIP", "U5_10", "", "C", 62.99, 62.99, 39.37, 270],
		[93, "U5_11", 4125, 675, "T", "DIP", "U5_11", "", "C", 62.99, 62.99, 39.37, 270],
		[94, "U5_11", 4125, 675, "B", "DIP", "U5_11", "", "C", 62.99, 62.99, 39.37, 270],
		[95, "U5_12", 4225, 675, "T", "DIP", "U5_12", "", "C", 62.99, 62.99, 39.37, 270],
		[96, "U5_12", 4225, 675, "B", "DIP", "U5_12", "", "C", 62.99, 62.99, 39.37, 270],
		[97, "U5_13", 4325, 675, "T", "DIP", "U5_13", "", "C", 62.99, 62.99, 39.37, 270],
		[98, "U5_13", 4325, 675, "B", "DIP", "U5_13", "", "C", 62.99, 62.99, 39.37, 270],
		[99, "U5_14", 4425, 675, "T", "DIP", "GND", "GND", "C", 62.99, 62.99, 39.37, 270],
		[100, "U5_14", 4425, 675, "B", "DIP", "GND", "GND", "C", 62.99, 62.99, 39.37, 270],
		[101, "U5_15", 4525, 675, "T", "DIP", "VCC", "", "C", 62.99, 62.99, 39.37, 270],
		[102, "U5_15", 4525, 675, "B", "DIP", "VCC", "", "C", 62.99, 62.99, 39.37, 270],
		[103, "U5_16", 4525, 75, "T", "DIP", "$1N1669", "", "C", 62.99, 62.99, 39.37, 270],
		[104, "U5_16", 4525, 75, "B", "DIP", "$1N1669", "", "C", 62.99, 62.99, 39.37, 270],
		[105, "U5_17", 4425, 75, "T", "DIP", "$1N1663", "", "C", 62.99, 62.99, 39.37, 270],
		[106, "U5_17", 4425, 75, "B", "DIP", "$1N1663", "", "C", 62.99, 62.99, 39.37, 270],
		[107, "U5_18", 4325, 75, "T", "DIP", "U5_18", "", "C", 62.99, 62.99, 39.37, 270],
		[108, "U5_18", 4325, 75, "B", "DIP", "U5_18", "", "C", 62.99, 62.99, 39.37, 270],
		[109, "U5_19", 4225, 75, "T", "DIP", "U5_19", "", "C", 62.99, 62.99, 39.37, 270],
		[110, "U5_19", 4225, 75, "B", "DIP", "U5_19", "", "C", 62.99, 62.99, 39.37, 270],
		[111, "U5_20", 4125, 75, "T", "DIP", "U5_20", "", "C", 62.99, 62.99, 39.37, 270],
		[112, "U5_20", 4125, 75, "B", "DIP", "U5_20", "", "C", 62.99, 62.99, 39.37, 270],
		[113, "U5_21", 4025, 75, "T", "DIP", "D3", "", "C", 62.99, 62.99, 39.37, 270],
		[114, "U5_21", 4025, 75, "B", "DIP", "D3", "", "C", 62.99, 62.99, 39.37, 270],
		[115, "U5_22", 3925, 75, "T", "DIP", "D4", "", "C", 62.99, 62.99, 39.37, 270],
		[116, "U5_22", 3925, 75, "B", "DIP", "D4", "", "C", 62.99, 62.99, 39.37, 270],
		[117, "U5_23", 3825, 75, "T", "DIP", "U5_23", "", "C", 62.99, 62.99, 39.37, 270],
		[118, "U5_23", 3825, 75, "B", "DIP", "U5_23", "", "C", 62.99, 62.99, 39.37, 270],
		[119, "U5_24", 3725, 75, "T", "DIP", "U5_24", "", "C", 62.99, 62.99, 39.37, 270],
		[120, "U5_24", 3725, 75, "B", "DIP", "U5_24", "", "C", 62.99, 62.99, 39.37, 270],
		[121, "U5_25", 3625, 75, "T", "DIP", "D7", "", "C", 62.99, 62.99, 39.37, 270],
		[122, "U5_25", 3625, 75, "B", "DIP", "D7", "", "C", 62.99, 62.99, 39.37, 270],
		[123, "U5_26", 3525, 75, "T", "DIP", "D8", "", "C", 62.99, 62.99, 39.37, 270],
		[124, "U5_26", 3525, 75, "B", "DIP", "D8", "", "C", 62.99, 62.99, 39.37, 270],
		[125, "U5_27", 3425, 75, "T", "DIP", "D9", "", "C", 62.99, 62.99, 39.37, 270],
		[126, "U5_27", 3425, 75, "B", "DIP", "D9", "", "C", 62.99, 62.99, 39.37, 270],
		[127, "U5_28", 3325, 75, "T", "DIP", "U5_28", "", "C", 62.99, 62.99, 39.37, 270],
		[128, "U5_28", 3325, 75, "B", "DIP", "U5_28", "", "C", 62.99, 62.99, 39.37, 270],
		[129, "U5_29", 3225, 75, "T", "DIP", "U5_29", "", "C", 62.99, 62.99, 39.37, 270],
		[130, "U5_29", 3225, 75, "B", "DIP", "U5_29", "", "C", 62.99, 62.99, 39.37, 270],
		[131, "U5_30", 3125, 75, "T", "DIP", "U5_30", "", "C", 62.99, 62.99, 39.37, 270],
		[132, "U5_30", 3125, 75, "B", "DIP", "U5_30", "", "C", 62.99, 62.99, 39.37, 270],
		[133, "U6_1", 2785, -542.95, "T", "DIP", "GND", "GND", "C", 78.74, 78.74, 43.31, 90],
		[134, "U6_1", 2785, -542.95, "B", "DIP", "GND", "GND", "C", 78.74, 78.74, 43.31, 90],
		[135, "U6_2", 2785, -387.05, "T", "DIP", "VCC", "", "C", 78.74, 78.74, 43.31, 90],
		[136, "U6_2", 2785, -387.05, "B", "DIP", "VCC", "", "C", 78.74, 78.74, 43.31, 90],
		[137, "U7_1", 2765.79, -125.86, "T", "DIP", "VCC", "", "C", 68.9, 68.9, 43.31, 0],
		[138, "U7_1", 2765.79, -125.86, "B", "DIP", "VCC", "", "C", 68.9, 68.9, 43.31, 0],
		[139, "U7_2", 2864.21, -125.86, "T", "DIP", "GND", "GND", "C", 68.9, 68.9, 43.31, 0],
		[140, "U7_2", 2864.21, -125.86, "B", "DIP", "GND", "GND", "C", 68.9, 68.9, 43.31, 0],
		[141, "U10_1", 4484.45, 1550, "T", "DIP", "$1N2111", "", "C", 65, 65, 35.43, 180],
		[142, "U10_1", 4484.45, 1550, "B", "DIP", "$1N2111", "", "C", 65, 65, 35.43, 180],
		[143, "U10_2", 4386.03, 1550, "T", "DIP", "D7", "", "C", 65, 65, 35.43, 180],
		[144, "U10_2", 4386.03, 1550, "B", "DIP", "D7", "", "C", 65, 65, 35.43, 180],
		[145, "U11_1", 3120.55, 1550, "T", "DIP", "$1N2150", "", "C", 65, 65, 35.43, 0],
		[146, "U11_1", 3120.55, 1550, "B", "DIP", "$1N2150", "", "C", 65, 65, 35.43, 0],
		[147, "U11_2", 3218.97, 1550, "T", "DIP", "D8", "", "C", 65, 65, 35.43, 0],
		[148, "U11_2", 3218.97, 1550, "B", "DIP", "D8", "", "C", 65, 65, 35.43, 0]
	]
}
}