{
"lengthUnit": "mil",
"components": {
	"fields": ["COMPONENT_NO", "COMPONENT_NAME", "LAYER", "X_COORDINATE", "Y_COORDINATE", "ANGLE"],
	"rows": [
		[1, "R3", "T", 895, -95, 180],
		[2, "R4", "T", 550, 40, 180],
		[3, "R5", "T", 1090, 50, 0],
		[4, "U5", "T", 1123.35, -1055, 0],
		[5, "U6", "T", 145, -135, 270],
		[6, "U7", "T", 485, -165, 135],
		[7, "U8", "T", 198.54, 277.47, 180],
		[8, "U9", "T", 740, 275, 180],
		[9, "U10", "T", 1290, 275, 180],
		[10, "U11", "T", 580, -1825, 180]
	]
},
"pins": {
	"fields": ["PIN_NO", "PIN_NAME", "PIN_X", "PIN_Y", "LAYER", "PIN_TYPE", "NET_NAME", "NET_TYPE", "PAD_SHAPE", "PAD_SIZEX", "PAD_SIZEY", "HOLE_SIZE", "PAD_ANGLE"],
	"rows": [
		[1, "R3_1", 1095.79, -95, "T", "DIP", "$1N610", "", "C", 55.12, 55.12, 31.5, 180],
		[2, "R3_1", 1095.79, -95, "B", "DIP", "$1N610", "", "C", 55.12, 55.12, 31.5, 180],
		[3, "R3_2", 694.21, -95, "T", "DIP", "$1N765", "", "C", 55.12, 55.12, 31.5, 180],
		[4, "R3_2", 694.21, -95, "B", "DIP", "$1N765", "", "C", 55.12, 55.12, 31.5, 180],
		[5, "R4_1", 750.79, 40, "T", "DIP", "$1N621", "", "C", 55.12, 55.12, 31.5, 180],
		[6, "R4_1", 750.79, 40, "B", "DIP", "$1N621", "", "C", 55.12, 55.12, 31.5, 180],
		[7, "R4_2", 349.21, 40, "T", "DIP", "$1N761", "", "C", 55.12, 55.12, 31.5, 180],
		[8, "R4_2", 349.21, 40, "B", "DIP", "$1N761", "", "C", 55.12, 55.12, 31.5, 180],
		[9, "R5_1", 889.21, 50, "T", "DIP", "$1N615", "", "C", 55.12, 55.12, 31.5, 0],
		[10, "R5_1", 889.21, 50, "B", "DIP", "$1N615", "", "C", 55.12, 55.12, 31.5, 0],
		[11, "R5_2", 1290.79, 50, "T", "DIP", "$1N770", "", "C", 55.12, 55.12, 31.5, 0],
		[12, "R5_2", 1290.79, 50, "B", "DIP", "$1N770", "", "C", 55.12, 55.12, 31.5, 0],
		[13, "U5_1", 823.35, -355, "T", "DIP", "U5_1", "", "R", 62.99, 62.99, 39.37, 0],
		[14, "U5_1", 823.35, -355, "B", "DIP", "U5_1", "", "R", 62.99, 62.99, 39.37, 0],
		[15, "U5_2", 823.35, -455, "T", "DIP", "U5_2", "", "C", 62.99, 62.99, 39.37, 0],
		[16, "U5_2", 823.35, -455, "B", "DIP", "U5_2", "", "C", 62.99, 62.99, 39.37, 0],
		[17, "U5_3", 823.35, -555, "T", "DIP", "U5_3", "", "C", 62.99, 62.99, 39.37, 0],
		[18, "U5_3", 823.35, -555, "B", "DIP", "U5_3", "", "C", 62.99, 62.99, 39.37, 0],
		[19, "U5_4", 823.35, -655, "T", "DIP", "U5_4", "", "C", 62.99, 62.99, 39.37, 0],
		[20, "U5_4", 823.35, -655, "B", "DIP", "U5_4", "", "C", 62.99, 62.99, 39.37, 0],
		[21, "U5_5", 823.35, -755, "T", "DIP", "U5_5", "", "C", 62.99, 62.99, 39.37, 0],
		[22, "U5_5", 823.35, -755, "B", "DIP", "U5_5", "", "C", 62.99, 62.99, 39.37, 0],
		[23, "U5_6", 823.35, -855, "T", "DIP", "U5_6", "", "C", 62.99, 62.99, 39.37, 0],
		[24, "U5_6", 823.35, -855, "B", "DIP", "U5_6", "", "C", 62.99, 62.99, 39.37, 0],
		[25, "U5_7", 823.35, -955, "T", "DIP", "U5_7", "", "C", 62.99, 62.99, 39.37, 0],
		[26, "U5_7", 823.35, -955, "B", "DIP", "U5_7", "", "C", 62.99, 62.99, 39.37, 0],
		[27, "U5_8", 823.35, -1055, "T", "DIP", "U5_8", "", "C", 62.99, 62.99, 39.37, 0],
		[28, "U5_8", 823.35, -1055, "B", "DIP", "U5_8", "", "C", 62.99, 62.99, 39.37, 0],
		[29, "U5_9", 823.35, -1155, "T", "DIP", "U5_9", "", "C", 62.99, 62.99, 39.37, 0],
		[30, "U5_9", 823.35, -1155, "B", "DIP", "U5_9", "", "C", 62.99, 62.99, 39.37, 0],
		[31, "U5_10", 823.35, -1255, "T", "DIP", "U5_10", "", "C", 62.99, 62.99, 39.37, 0],
		[32, "U5_10", 823.35, -1255, "B", "DIP", "U5_10", "", "C", 62.99, 62.99, 39.37, 0],
		[33, "U5_11", 823.35, -1355, "T", "DIP", "U5_11", "", "C", 62.99, 62.99, 39.37, 0],
		[34, "U5_11", 823.35, -1355, "B", "DIP", "U5_11", "", "C", 62.99, 62.99, 39.37, 0],
		[35, "U5_12", 823.35, -1455, "T", "DIP", "U5_12", "", "C", 62.99, 62.99, 39.37, 0],
		[36, "U5_12", 823.35, -1455, "B", "DIP", "U5_12", "", "C", 62.99, 62.99, 39.37, 0],
		[37, "U5_13", 823.35, -1555, "T", "DIP", "U5_13", "", "C", 62.99, 62.99, 39.37, 0],
		[38, "U5_13", 823.35, -1555, "B", "DIP", "U5_13", "", "C", 62.99, 62.99, 39.37, 0],
		[39, "U5_14", 823.35, -1655, "T", "DIP", "GND", "GND", "C", 62.99, 62.99, 39.37, 0],
		[40, "U5_14", 823.35, -1655, "B", "DIP", "GND", "GND", "C", 62.99, 62.99, 39.37, 0],
		[41, "U5_15", 823.35, -1755, "T", "DIP", "VCC", "", "C", 62.99, 62.99, 39.37, 0],
		[42, "U5_15", 823.35, -1755, "B", "DIP", "VCC", "", "C", 62.99, 62.99, 39.37, 0],
		[43, "U5_16", 1423.35, -1755, "T", "DIP", "$1N363", "", "C", 62.99, 62.99, 39.37, 0],
		[44, "U5_16", 1423.35, -1755, "B", "DIP", "$1N363", "", "C", 62.99, 62.99, 39.37, 0],
		[45, "U5_17", 1423.35, -1655, "T", "DIP", "$1N369", "", "C", 62.99, 62.99, 39.37, 0],
		[46, "U5_17", 1423.35, -1655, "B", "DIP", "$1N369", "", "C", 62.99, 62.99, 39.37, 0],
		[47, "U5_18", 1423.35, -1555, "T", "DIP", "U5_18", "", "C", 62.99, 62.99, 39.37, 0],
		[48, "U5_18", 1423.35, -1555, "B", "DIP", "U5_18", "", "C", 62.99, 62.99, 39.37, 0],
		[49, "U5_19", 1423.35, -1455, "T", "DIP", "U5_19", "", "C", 62.99, 62.99, 39.37, 0],
		[50, "U5_19", 1423.35, -1455, "B", "DIP", "U5_19", "", "C", 62.99, 62.99, 39.37, 0],
		[51, "U5_20", 1423.35, -1355, "T", "DIP", "U5_20", "", "C", 62.99, 62.99, 39.37, 0],
		[52, "U5_20", 1423.35, -1355, "B", "DIP", "U5_20", "", "C", 62.99, 62.99, 39.37, 0],
		[53, "U5_21", 1423.35, -1255, "T", "DIP", "U5_21", "", "C", 62.99, 62.99, 39.37, 0],
		[54, "U5_21", 1423.35, -1255, "B", "DIP", "U5_21", "", "C", 62.99, 62.99, 39.37, 0],
		[55, "U5_22", 1423.35, -1155, "T", "DIP", "$1N615", "", "C", 62.99, 62.99, 39.37, 0],
		[56, "U5_22", 1423.35, -1155, "B", "DIP", "$1N615", "", "C", 62.99, 62.99, 39.37, 0],
		[57, "U5_23", 1423.35, -1055, "T", "DIP", "$1N610", "", "C", 62.99, 62.99, 39.37, 0],
		[58, "U5_23", 1423.35, -1055, "B", "DIP", "$1N610", "", "C", 62.99, 62.99, 39.37, 0],
		[59, "U5_24", 1423.35, -955, "T", "DIP", "$1N621", "", "C", 62.99, 62.99, 39.37, 0],
		[60, "U5_24", 1423.35, -955, "B", "DIP", "$1N621", "", "C", 62.99, 62.99, 39.37, 0],
		[61, "U5_25", 1423.35, -855, "T", "DIP", "U5_25", "", "C", 62.99, 62.99, 39.37, 0],
		[62, "U5_25", 1423.35, -855, "B", "DIP", "U5_25", "", "C", 62.99, 62.99, 39.37, 0],
		[63, "U5_26", 1423.35, -755, "T", "DIP", "U5_26", "", "C", 62.99, 62.99, 39.37, 0],
		[64, "U5_26", 1423.35, -755, "B", "DIP", "U5_26", "", "C", 62.99, 62.99, 39.37, 0],
		[65, "U5_27", 1423.35, -655, "T", "DIP", "U5_27", "", "C", 62.99, 62.99, 39.37, 0],
		[66, "U5_27", 1423.35, -655, "B", "DIP", "U5_27", "", "C", 62.99, 62.99, 39.37, 0],
		[67, "U5_28", 1423.35, -555, "T", "DIP", "U5_28", "", "C", 62.99, 62.99, 39.37, 0],
		[68, "U5_28", 1423.35, -555, "B", "DIP", "U5_28", "", "C", 62.99, 62.99, 39.37, 0],
		[69, "U5_29", 1423.35, -455, "T", "DIP", "U5_29", "", "C", 62.99, 62.99, 39.37, 0],
		[70, "U5_29", 1423.35, -455, "B", "DIP", "U5_29", "", "C", 62.99, 62.99, 39.37, 0],
		[71, "U5_30", 1423.35, -355, "T", "DIP", "U5_30", "", "C", 62.99, 62.99, 39.37, 0],
		[72, "U5_30", 1423.35, -355, "B", "DIP", "U5_30", "", "C", 62.99, 62.99, 39.37, 0],
		[73, "U6_1", 145, -57.05, "T", "DIP", "GND", "GND", "C", 78.74, 78.74, 43.31, 270],
		[74, "U6_1", 145, -57.05, "B", "DIP", "GND", "GND", "C", 78.74, 78.74, 43.31, 270],
		[75, "U6_2", 145, -212.96, "T", "DIP", "VCC", "", "C", 78.74, 78.74, 43.31, 270],
		[76, "U6_2", 145, -212.96, "B", "DIP", "VCC", "", "C", 78.74, 78.74, 43.31, 270],
		[77, "U7_1", 519.8, -199.8, "T", "DIP", "VCC", "", "C", 68.9, 68.9, 43.31, 135],
		[78, "U7_1", 519.8, -199.8, "B", "DIP", "VCC", "", "C", 68.9, 68.9, 43.31, 135],
		[79, "U7_2", 450.2, -130.2, "T", "DIP", "GND", "GND", "C", 68.9, 68.9, 43.31, 135],
		[80, "U7_2", 450.2, -130.2, "B", "DIP", "GND", "GND", "C", 68.9, 68.9, 43.31, 135],
		[81, "U8_1", 354.45, 277.47, "T", "DIP", "VCC", "", "C", 78.74, 78.74, 51.18, 180],
		[82, "U8_1", 354.45, 277.47, "B", "DIP", "VCC", "", "C", 78.74, 78.74, 51.18, 180],
		[83, "U8_2", 198.54, 277.47, "T", "DIP", "$1N761", "", "C", 78.74, 78.74, 51.18, 180],
		[84, "U8_2", 198.54, 277.47, "B", "DIP", "$1N761", "", "C", 78.74, 78.74, 51.18, 180],
		[85, "U8_3", 42.63, 277.47, "T", "DIP", "GND", "GND", "C", 78.74, 78.74, 51.18, 180],
		[86, "U8_3", 42.63, 277.47, "B", "DIP", "GND", "GND", "C", 78.74, 78.74, 51.18, 180],
		[87, "U9_1", 895.91, 275, "T", "DIP", "VCC", "", "C", 78.74, 78.74, 51.18, 180],
		[88, "U9_1", 895.91, 275, "B", "DIP", "VCC", "", "C", 78.74, 78.74, 51.18, 180],
		[89, "U9_2", 740, 275, "T", "DIP", "$1N765", "", "C", 78.74, 78.74, 51.18, 180],
		[90, "U9_2", 740, 275, "B", "DIP", "$1N765", "", "C", 78.74, 78.74, 51.18, 180],
		[91, "U9_3", 584.09, 275, "T", "DIP", "GND", "GND", "C", 78.74, 78.74, 51.18, 180],
		[92, "U9_3", 584.09, 275, "B", "DIP", "GND", "GND", "C", 78.74, 78.74, 51.18, 180],
		[93, "U10_1", 1445.91, 275, "T", "DIP", "VCC", "", "C", 78.74, 78.74, 51.18, 180],
		[94, "U10_1", 1445.91, 275, "B", "DIP", "VCC", "", "C", 78.74, 78.74, 51.18, 180],
		[95, "U10_2", 1290, 275, "T", "DIP", "$1N770", "", "C", 78.74, 78.74, 51.18, 180],
		[96, "U10_2", 1290, 275, "B", "DIP", "$1N770", "", "C", 78.74, 78.74, 51.18, 180],
		[97, "U10_3", 1134.09, 275, "T", "DIP", "GND", "GND", "C", 78.74, 78.74, 51.18, 180],
		[98, "U10_3", 1134.09, 275, "B", "DIP", "GND", "GND", "C", 78.74, 78.74, 51.18, 180],
		[99, "U11_1", 580, -1825, "T", "DIP", "U11_1", "", "C", 60, 60, 36, 180],
		[100, "U11_1", 580, -1825, "B", "DIP", "U11_1", "", "C", 60, 60, 36, 180],
		[101, "U11_2", 480, -1825, "T", "DIP", "VCC", "", "C", 60, 60, 36, 180],
		[102, "U11_2", 480, -1825, "B", "DIP", "VCC", "", "C", 60, 60, 36, 180],
		[103, "U11_3", 380, -1825, "T", "DIP", "GND", "GND", "C", 60, 60, 36, 180],
		[104, "U11_3", 380, -1825, "B", "DIP", "GND", "GND", "C", 60, 60, 36, 180],
		[105, "U11_4", 280, -1825, "T", "DIP", "$1N369", "", "C", 60, 60, 36, 180],
		[106, "U11_4", 280, -1825, "B", "DIP", "$1N369", "", "C", 60, 60, 36, 180],
		[107, "U11_5", 180, -1825, "T", "DIP", "$1N363", "", "C", 60, 60, 36, 180],
		[108, "U11_5", 180, -1825, "B", "DIP", "$1N363", "", "C", 60, 60, 36, 180],
		[109, "U11_6", 80, -1825, "T", "DIP", "U11_6", "", "C", 60, 60, 36, 180],
		[110, "U11_6", 80, -1825, "B", "DIP", "U11_6", "", "C", 60, 60, 36, 180]
	]
}
}